,index,Compound Score,Negative Score,Neutral Score,Postive Score,Tweet Time,Tweets Ago,Username,converted_time,date,days_ago
0,0,-0.7003,0.29,0.621,0.09,Tue Apr 10 20:40:04 +0000 2018,1,@nytimes,2018-04-10 20:40:04+00:00,2018-04-10,0
1,1,-0.0772,0.071,0.929,0.0,Tue Apr 10 20:19:44 +0000 2018,2,@nytimes,2018-04-10 20:19:44+00:00,2018-04-10,0
2,2,0.4404,0.0,0.868,0.132,Tue Apr 10 20:17:07 +0000 2018,3,@nytimes,2018-04-10 20:17:07+00:00,2018-04-10,0
3,3,-0.3182,0.148,0.759,0.093,Tue Apr 10 20:10:07 +0000 2018,4,@nytimes,2018-04-10 20:10:07+00:00,2018-04-10,0
4,4,0.0,0.0,1.0,0.0,Tue Apr 10 20:03:41 +0000 2018,5,@nytimes,2018-04-10 20:03:41+00:00,2018-04-10,0
5,5,-0.1779,0.166,0.655,0.179,Tue Apr 10 19:55:03 +0000 2018,6,@nytimes,2018-04-10 19:55:03+00:00,2018-04-10,0
6,6,-0.6705,0.244,0.756,0.0,Tue Apr 10 19:45:50 +0000 2018,7,@nytimes,2018-04-10 19:45:50+00:00,2018-04-10,0
7,7,0.0,0.0,1.0,0.0,Tue Apr 10 19:40:09 +0000 2018,8,@nytimes,2018-04-10 19:40:09+00:00,2018-04-10,0
8,8,0.0,0.0,1.0,0.0,Tue Apr 10 19:30:10 +0000 2018,9,@nytimes,2018-04-10 19:30:10+00:00,2018-04-10,0
9,9,0.4404,0.0,0.822,0.178,Tue Apr 10 19:25:48 +0000 2018,10,@nytimes,2018-04-10 19:25:48+00:00,2018-04-10,0
10,10,0.5267,0.0,0.866,0.134,Tue Apr 10 19:18:09 +0000 2018,11,@nytimes,2018-04-10 19:18:09+00:00,2018-04-10,0
11,11,0.1027,0.149,0.685,0.165,Tue Apr 10 19:15:01 +0000 2018,12,@nytimes,2018-04-10 19:15:01+00:00,2018-04-10,0
12,12,0.0,0.0,1.0,0.0,Tue Apr 10 19:06:24 +0000 2018,13,@nytimes,2018-04-10 19:06:24+00:00,2018-04-10,0
13,13,0.0,0.0,1.0,0.0,Tue Apr 10 19:01:41 +0000 2018,14,@nytimes,2018-04-10 19:01:41+00:00,2018-04-10,0
14,14,-0.7003,0.244,0.756,0.0,Tue Apr 10 18:55:05 +0000 2018,15,@nytimes,2018-04-10 18:55:05+00:00,2018-04-10,0
15,15,-0.1419,0.069,0.931,0.0,Tue Apr 10 18:45:07 +0000 2018,16,@nytimes,2018-04-10 18:45:07+00:00,2018-04-10,0
16,16,-0.4019,0.163,0.837,0.0,Tue Apr 10 18:36:53 +0000 2018,17,@nytimes,2018-04-10 18:36:53+00:00,2018-04-10,0
17,17,-0.5106,0.148,0.852,0.0,Tue Apr 10 18:33:48 +0000 2018,18,@nytimes,2018-04-10 18:33:48+00:00,2018-04-10,0
18,18,-0.5719,0.228,0.684,0.087,Tue Apr 10 18:30:08 +0000 2018,19,@nytimes,2018-04-10 18:30:08+00:00,2018-04-10,0
19,19,0.0,0.0,1.0,0.0,Tue Apr 10 18:17:46 +0000 2018,20,@nytimes,2018-04-10 18:17:46+00:00,2018-04-10,0
20,20,0.4019,0.0,0.895,0.105,Tue Apr 10 18:16:12 +0000 2018,21,@nytimes,2018-04-10 18:16:12+00:00,2018-04-10,0
21,21,-0.3818,0.12,0.88,0.0,Tue Apr 10 18:10:07 +0000 2018,22,@nytimes,2018-04-10 18:10:07+00:00,2018-04-10,0
22,22,0.0258,0.0,0.948,0.052,Tue Apr 10 17:55:05 +0000 2018,23,@nytimes,2018-04-10 17:55:05+00:00,2018-04-10,0
23,23,0.0,0.0,1.0,0.0,Tue Apr 10 17:40:06 +0000 2018,24,@nytimes,2018-04-10 17:40:06+00:00,2018-04-10,0
24,24,0.0,0.0,1.0,0.0,Tue Apr 10 17:27:14 +0000 2018,25,@nytimes,2018-04-10 17:27:14+00:00,2018-04-10,0
25,25,-0.5423,0.171,0.829,0.0,Tue Apr 10 17:25:04 +0000 2018,26,@nytimes,2018-04-10 17:25:04+00:00,2018-04-10,0
26,26,-0.3182,0.169,0.725,0.106,Tue Apr 10 17:10:07 +0000 2018,27,@nytimes,2018-04-10 17:10:07+00:00,2018-04-10,0
27,27,0.0,0.0,1.0,0.0,Tue Apr 10 16:55:04 +0000 2018,28,@nytimes,2018-04-10 16:55:04+00:00,2018-04-10,0
28,28,-0.128,0.169,0.683,0.149,Tue Apr 10 16:42:59 +0000 2018,29,@nytimes,2018-04-10 16:42:59+00:00,2018-04-10,0
29,29,0.0,0.0,1.0,0.0,Tue Apr 10 16:40:09 +0000 2018,30,@nytimes,2018-04-10 16:40:09+00:00,2018-04-10,0
30,30,0.0,0.0,1.0,0.0,Tue Apr 10 16:27:20 +0000 2018,31,@nytimes,2018-04-10 16:27:20+00:00,2018-04-10,0
31,31,0.2263,0.068,0.821,0.111,Tue Apr 10 16:25:07 +0000 2018,32,@nytimes,2018-04-10 16:25:07+00:00,2018-04-10,0
32,32,0.0,0.0,1.0,0.0,Tue Apr 10 16:10:06 +0000 2018,33,@nytimes,2018-04-10 16:10:06+00:00,2018-04-10,0
33,33,0.34,0.0,0.882,0.118,Tue Apr 10 15:50:00 +0000 2018,34,@nytimes,2018-04-10 15:50:00+00:00,2018-04-10,0
34,34,-0.4767,0.204,0.796,0.0,Tue Apr 10 15:40:11 +0000 2018,35,@nytimes,2018-04-10 15:40:11+00:00,2018-04-10,0
35,35,0.0,0.0,1.0,0.0,Tue Apr 10 15:30:09 +0000 2018,36,@nytimes,2018-04-10 15:30:09+00:00,2018-04-10,0
36,36,0.3612,0.0,0.878,0.122,Tue Apr 10 15:27:06 +0000 2018,37,@nytimes,2018-04-10 15:27:06+00:00,2018-04-10,0
37,37,0.3818,0.0,0.89,0.11,Tue Apr 10 15:20:09 +0000 2018,38,@nytimes,2018-04-10 15:20:09+00:00,2018-04-10,0
38,38,0.34,0.0,0.882,0.118,Tue Apr 10 15:10:08 +0000 2018,39,@nytimes,2018-04-10 15:10:08+00:00,2018-04-10,0
39,39,0.4215,0.0,0.781,0.219,Tue Apr 10 15:00:11 +0000 2018,40,@nytimes,2018-04-10 15:00:11+00:00,2018-04-10,0
40,40,-0.6486,0.193,0.807,0.0,Tue Apr 10 14:50:08 +0000 2018,41,@nytimes,2018-04-10 14:50:08+00:00,2018-04-10,0
41,41,-0.5267,0.152,0.848,0.0,Tue Apr 10 14:40:13 +0000 2018,42,@nytimes,2018-04-10 14:40:13+00:00,2018-04-10,0
42,42,0.2023,0.0,0.87,0.13,Tue Apr 10 14:30:17 +0000 2018,43,@nytimes,2018-04-10 14:30:17+00:00,2018-04-10,0
43,43,0.0,0.0,1.0,0.0,Tue Apr 10 14:15:06 +0000 2018,44,@nytimes,2018-04-10 14:15:06+00:00,2018-04-10,0
44,44,0.0,0.0,1.0,0.0,Tue Apr 10 14:00:04 +0000 2018,45,@nytimes,2018-04-10 14:00:04+00:00,2018-04-10,0
45,45,-0.296,0.115,0.885,0.0,Tue Apr 10 13:45:09 +0000 2018,46,@nytimes,2018-04-10 13:45:09+00:00,2018-04-10,0
46,46,0.0,0.0,1.0,0.0,Tue Apr 10 13:31:02 +0000 2018,47,@nytimes,2018-04-10 13:31:02+00:00,2018-04-10,0
47,47,0.4939,0.0,0.756,0.244,Tue Apr 10 13:30:18 +0000 2018,48,@nytimes,2018-04-10 13:30:18+00:00,2018-04-10,0
48,48,-0.6705,0.209,0.791,0.0,Tue Apr 10 13:21:49 +0000 2018,49,@nytimes,2018-04-10 13:21:49+00:00,2018-04-10,0
49,49,0.0,0.0,1.0,0.0,Tue Apr 10 13:00:16 +0000 2018,50,@nytimes,2018-04-10 13:00:16+00:00,2018-04-10,0
50,50,0.5267,0.045,0.821,0.134,Tue Apr 10 13:00:15 +0000 2018,51,@nytimes,2018-04-10 13:00:15+00:00,2018-04-10,0
51,51,0.6697,0.0,0.824,0.176,Tue Apr 10 12:45:08 +0000 2018,52,@nytimes,2018-04-10 12:45:08+00:00,2018-04-10,0
52,52,0.1027,0.0,0.928,0.072,Tue Apr 10 12:31:00 +0000 2018,53,@nytimes,2018-04-10 12:31:00+00:00,2018-04-10,0
53,53,0.0772,0.0,0.929,0.071,Tue Apr 10 12:30:10 +0000 2018,54,@nytimes,2018-04-10 12:30:10+00:00,2018-04-10,0
54,54,0.0,0.0,1.0,0.0,Tue Apr 10 12:15:02 +0000 2018,55,@nytimes,2018-04-10 12:15:02+00:00,2018-04-10,0
55,55,0.4939,0.0,0.792,0.208,Tue Apr 10 12:00:14 +0000 2018,56,@nytimes,2018-04-10 12:00:14+00:00,2018-04-10,0
56,56,-0.7184,0.25,0.75,0.0,Tue Apr 10 11:44:55 +0000 2018,57,@nytimes,2018-04-10 11:44:55+00:00,2018-04-10,0
57,57,-0.0772,0.145,0.725,0.13,Tue Apr 10 11:33:46 +0000 2018,58,@nytimes,2018-04-10 11:33:46+00:00,2018-04-10,0
58,58,0.6597,0.0,0.748,0.252,Tue Apr 10 11:15:06 +0000 2018,59,@nytimes,2018-04-10 11:15:06+00:00,2018-04-10,0
59,59,0.0,0.0,1.0,0.0,Tue Apr 10 11:00:16 +0000 2018,60,@nytimes,2018-04-10 11:00:16+00:00,2018-04-10,0
60,60,0.7184,0.0,0.739,0.261,Tue Apr 10 11:00:15 +0000 2018,61,@nytimes,2018-04-10 11:00:15+00:00,2018-04-10,0
61,61,0.3182,0.0,0.887,0.113,Tue Apr 10 11:00:06 +0000 2018,62,@nytimes,2018-04-10 11:00:06+00:00,2018-04-10,0
62,62,0.4215,0.0,0.859,0.141,Tue Apr 10 10:30:11 +0000 2018,63,@nytimes,2018-04-10 10:30:11+00:00,2018-04-10,0
63,63,0.0,0.0,1.0,0.0,Tue Apr 10 10:21:05 +0000 2018,64,@nytimes,2018-04-10 10:21:05+00:00,2018-04-10,0
64,64,0.0,0.0,1.0,0.0,Tue Apr 10 10:00:10 +0000 2018,65,@nytimes,2018-04-10 10:00:10+00:00,2018-04-10,0
65,65,0.0,0.0,1.0,0.0,Tue Apr 10 09:43:17 +0000 2018,66,@nytimes,2018-04-10 09:43:17+00:00,2018-04-10,0
66,66,-0.1531,0.195,0.682,0.123,Tue Apr 10 09:24:51 +0000 2018,67,@nytimes,2018-04-10 09:24:51+00:00,2018-04-10,0
67,67,0.0,0.0,1.0,0.0,Tue Apr 10 09:06:59 +0000 2018,68,@nytimes,2018-04-10 09:06:59+00:00,2018-04-10,0
68,68,-0.3182,0.119,0.881,0.0,Tue Apr 10 08:50:05 +0000 2018,69,@nytimes,2018-04-10 08:50:05+00:00,2018-04-10,0
69,69,0.0,0.0,1.0,0.0,Tue Apr 10 08:49:33 +0000 2018,70,@nytimes,2018-04-10 08:49:33+00:00,2018-04-10,0
70,70,0.3612,0.138,0.615,0.246,Tue Apr 10 08:45:06 +0000 2018,71,@nytimes,2018-04-10 08:45:06+00:00,2018-04-10,0
71,71,-0.1027,0.106,0.803,0.091,Tue Apr 10 08:32:42 +0000 2018,72,@nytimes,2018-04-10 08:32:42+00:00,2018-04-10,0
72,72,0.3612,0.0,0.878,0.122,Tue Apr 10 08:15:10 +0000 2018,73,@nytimes,2018-04-10 08:15:10+00:00,2018-04-10,0
73,73,0.3818,0.0,0.86,0.14,Tue Apr 10 08:15:05 +0000 2018,74,@nytimes,2018-04-10 08:15:05+00:00,2018-04-10,0
74,74,-0.4215,0.135,0.865,0.0,Tue Apr 10 08:02:02 +0000 2018,75,@nytimes,2018-04-10 08:02:02+00:00,2018-04-10,0
75,75,-0.6597,0.206,0.794,0.0,Tue Apr 10 08:00:07 +0000 2018,76,@nytimes,2018-04-10 08:00:07+00:00,2018-04-10,0
76,76,0.4215,0.0,0.865,0.135,Tue Apr 10 07:47:05 +0000 2018,77,@nytimes,2018-04-10 07:47:05+00:00,2018-04-10,0
77,77,0.0,0.0,1.0,0.0,Tue Apr 10 07:32:03 +0000 2018,78,@nytimes,2018-04-10 07:32:03+00:00,2018-04-10,0
78,78,-0.7845,0.266,0.734,0.0,Tue Apr 10 07:17:05 +0000 2018,79,@nytimes,2018-04-10 07:17:05+00:00,2018-04-10,0
79,79,0.0,0.0,1.0,0.0,Tue Apr 10 07:02:03 +0000 2018,80,@nytimes,2018-04-10 07:02:03+00:00,2018-04-10,0
80,80,0.7096,0.0,0.604,0.396,Tue Apr 10 06:53:54 +0000 2018,81,@nytimes,2018-04-10 06:53:54+00:00,2018-04-10,0
81,81,0.5719,0.0,0.829,0.171,Tue Apr 10 06:47:28 +0000 2018,82,@nytimes,2018-04-10 06:47:28+00:00,2018-04-10,0
82,82,0.0258,0.0,0.939,0.061,Tue Apr 10 06:30:16 +0000 2018,83,@nytimes,2018-04-10 06:30:16+00:00,2018-04-10,0
83,83,0.0,0.0,1.0,0.0,Tue Apr 10 06:12:49 +0000 2018,84,@nytimes,2018-04-10 06:12:49+00:00,2018-04-10,0
84,84,0.0,0.0,1.0,0.0,Tue Apr 10 05:55:31 +0000 2018,85,@nytimes,2018-04-10 05:55:31+00:00,2018-04-10,0
85,85,0.2621,0.0,0.886,0.114,Tue Apr 10 05:38:23 +0000 2018,86,@nytimes,2018-04-10 05:38:23+00:00,2018-04-10,0
86,86,0.0,0.0,1.0,0.0,Tue Apr 10 05:21:04 +0000 2018,87,@nytimes,2018-04-10 05:21:04+00:00,2018-04-10,0
87,87,-0.6808,0.384,0.616,0.0,Tue Apr 10 05:04:10 +0000 2018,88,@nytimes,2018-04-10 05:04:10+00:00,2018-04-10,0
88,88,0.0,0.0,1.0,0.0,Tue Apr 10 05:02:04 +0000 2018,89,@nytimes,2018-04-10 05:02:04+00:00,2018-04-10,0
89,89,-0.6908,0.231,0.769,0.0,Tue Apr 10 04:43:00 +0000 2018,90,@nytimes,2018-04-10 04:43:00+00:00,2018-04-10,0
90,90,-0.7351,0.383,0.617,0.0,Tue Apr 10 04:29:58 +0000 2018,91,@nytimes,2018-04-10 04:29:58+00:00,2018-04-10,0
91,91,0.0,0.0,1.0,0.0,Tue Apr 10 04:21:01 +0000 2018,92,@nytimes,2018-04-10 04:21:01+00:00,2018-04-10,0
92,92,-0.5859,0.356,0.509,0.134,Tue Apr 10 04:10:47 +0000 2018,93,@nytimes,2018-04-10 04:10:47+00:00,2018-04-10,0
93,93,0.0,0.0,1.0,0.0,Tue Apr 10 04:02:04 +0000 2018,94,@nytimes,2018-04-10 04:02:04+00:00,2018-04-10,0
94,94,0.0,0.0,1.0,0.0,Tue Apr 10 03:47:01 +0000 2018,95,@nytimes,2018-04-10 03:47:01+00:00,2018-04-10,0
95,95,-0.7964,0.323,0.677,0.0,Tue Apr 10 03:32:02 +0000 2018,96,@nytimes,2018-04-10 03:32:02+00:00,2018-04-10,0
96,96,-0.5423,0.156,0.844,0.0,Tue Apr 10 03:18:05 +0000 2018,97,@nytimes,2018-04-10 03:18:05+00:00,2018-04-10,0
97,97,0.0,0.0,1.0,0.0,Tue Apr 10 03:02:06 +0000 2018,98,@nytimes,2018-04-10 03:02:06+00:00,2018-04-10,0
98,98,0.0,0.0,1.0,0.0,Tue Apr 10 02:47:08 +0000 2018,99,@nytimes,2018-04-10 02:47:08+00:00,2018-04-10,0
99,99,-0.34,0.103,0.897,0.0,Tue Apr 10 02:41:02 +0000 2018,100,@nytimes,2018-04-10 02:41:02+00:00,2018-04-10,0
100,0,0.0,0.0,1.0,0.0,Tue Apr 10 20:25:37 +0000 2018,1,@CBSNews,2018-04-10 20:25:37+00:00,2018-04-10,0
101,1,0.0,0.0,1.0,0.0,Tue Apr 10 20:20:36 +0000 2018,2,@CBSNews,2018-04-10 20:20:36+00:00,2018-04-10,0
102,2,-0.5574,0.167,0.833,0.0,Tue Apr 10 20:18:07 +0000 2018,3,@CBSNews,2018-04-10 20:18:07+00:00,2018-04-10,0
103,3,0.0,0.0,1.0,0.0,Tue Apr 10 20:11:32 +0000 2018,4,@CBSNews,2018-04-10 20:11:32+00:00,2018-04-10,0
104,4,-0.34,0.103,0.897,0.0,Tue Apr 10 20:08:42 +0000 2018,5,@CBSNews,2018-04-10 20:08:42+00:00,2018-04-10,0
105,5,0.0,0.0,1.0,0.0,Tue Apr 10 20:06:00 +0000 2018,6,@CBSNews,2018-04-10 20:06:00+00:00,2018-04-10,0
106,6,0.7269,0.0,0.757,0.243,Tue Apr 10 20:05:28 +0000 2018,7,@CBSNews,2018-04-10 20:05:28+00:00,2018-04-10,0
107,7,0.0,0.0,1.0,0.0,Tue Apr 10 20:01:27 +0000 2018,8,@CBSNews,2018-04-10 20:01:27+00:00,2018-04-10,0
108,8,0.0,0.0,1.0,0.0,Tue Apr 10 19:55:39 +0000 2018,9,@CBSNews,2018-04-10 19:55:39+00:00,2018-04-10,0
109,9,0.3182,0.0,0.881,0.119,Tue Apr 10 19:54:19 +0000 2018,10,@CBSNews,2018-04-10 19:54:19+00:00,2018-04-10,0
110,10,0.0,0.0,1.0,0.0,Tue Apr 10 19:51:46 +0000 2018,11,@CBSNews,2018-04-10 19:51:46+00:00,2018-04-10,0
111,11,0.0,0.0,1.0,0.0,Tue Apr 10 19:50:44 +0000 2018,12,@CBSNews,2018-04-10 19:50:44+00:00,2018-04-10,0
112,12,0.0,0.0,1.0,0.0,Tue Apr 10 19:45:18 +0000 2018,13,@CBSNews,2018-04-10 19:45:18+00:00,2018-04-10,0
113,13,0.4019,0.0,0.87,0.13,Tue Apr 10 19:44:06 +0000 2018,14,@CBSNews,2018-04-10 19:44:06+00:00,2018-04-10,0
114,14,0.0,0.0,1.0,0.0,Tue Apr 10 19:41:13 +0000 2018,15,@CBSNews,2018-04-10 19:41:13+00:00,2018-04-10,0
115,15,0.0,0.0,1.0,0.0,Tue Apr 10 19:36:36 +0000 2018,16,@CBSNews,2018-04-10 19:36:36+00:00,2018-04-10,0
116,16,0.34,0.0,0.876,0.124,Tue Apr 10 19:35:56 +0000 2018,17,@CBSNews,2018-04-10 19:35:56+00:00,2018-04-10,0
117,17,0.0,0.0,1.0,0.0,Tue Apr 10 19:31:41 +0000 2018,18,@CBSNews,2018-04-10 19:31:41+00:00,2018-04-10,0
118,18,0.5106,0.0,0.852,0.148,Tue Apr 10 19:30:19 +0000 2018,19,@CBSNews,2018-04-10 19:30:19+00:00,2018-04-10,0
119,19,0.0,0.0,1.0,0.0,Tue Apr 10 19:28:13 +0000 2018,20,@CBSNews,2018-04-10 19:28:13+00:00,2018-04-10,0
120,20,0.0,0.0,1.0,0.0,Tue Apr 10 19:26:57 +0000 2018,21,@CBSNews,2018-04-10 19:26:57+00:00,2018-04-10,0
121,21,0.0772,0.0,0.933,0.067,Tue Apr 10 19:25:12 +0000 2018,22,@CBSNews,2018-04-10 19:25:12+00:00,2018-04-10,0
122,22,-0.4404,0.116,0.884,0.0,Tue Apr 10 19:23:41 +0000 2018,23,@CBSNews,2018-04-10 19:23:41+00:00,2018-04-10,0
123,23,0.2263,0.0,0.868,0.132,Tue Apr 10 19:21:56 +0000 2018,24,@CBSNews,2018-04-10 19:21:56+00:00,2018-04-10,0
124,24,-0.5719,0.144,0.856,0.0,Tue Apr 10 19:20:09 +0000 2018,25,@CBSNews,2018-04-10 19:20:09+00:00,2018-04-10,0
125,25,0.6908,0.0,0.729,0.271,Tue Apr 10 19:17:43 +0000 2018,26,@CBSNews,2018-04-10 19:17:43+00:00,2018-04-10,0
126,26,-0.2263,0.087,0.913,0.0,Tue Apr 10 19:15:30 +0000 2018,27,@CBSNews,2018-04-10 19:15:30+00:00,2018-04-10,0
127,27,0.0,0.0,1.0,0.0,Tue Apr 10 19:14:07 +0000 2018,28,@CBSNews,2018-04-10 19:14:07+00:00,2018-04-10,0
128,28,-0.4973,0.209,0.791,0.0,Tue Apr 10 19:11:34 +0000 2018,29,@CBSNews,2018-04-10 19:11:34+00:00,2018-04-10,0
129,29,0.4588,0.0,0.833,0.167,Tue Apr 10 19:07:53 +0000 2018,30,@CBSNews,2018-04-10 19:07:53+00:00,2018-04-10,0
130,30,0.0,0.0,1.0,0.0,Tue Apr 10 19:07:20 +0000 2018,31,@CBSNews,2018-04-10 19:07:20+00:00,2018-04-10,0
131,31,-0.3612,0.111,0.889,0.0,Tue Apr 10 19:04:54 +0000 2018,32,@CBSNews,2018-04-10 19:04:54+00:00,2018-04-10,0
132,32,0.3919,0.0,0.897,0.103,Tue Apr 10 19:01:29 +0000 2018,33,@CBSNews,2018-04-10 19:01:29+00:00,2018-04-10,0
133,33,0.3182,0.0,0.901,0.099,Tue Apr 10 19:00:36 +0000 2018,34,@CBSNews,2018-04-10 19:00:36+00:00,2018-04-10,0
134,34,0.0,0.0,1.0,0.0,Tue Apr 10 18:58:48 +0000 2018,35,@CBSNews,2018-04-10 18:58:48+00:00,2018-04-10,0
135,35,0.0772,0.124,0.671,0.205,Tue Apr 10 18:57:56 +0000 2018,36,@CBSNews,2018-04-10 18:57:56+00:00,2018-04-10,0
136,36,0.5994,0.0,0.731,0.269,Tue Apr 10 18:56:21 +0000 2018,37,@CBSNews,2018-04-10 18:56:21+00:00,2018-04-10,0
137,37,0.1531,0.0,0.885,0.115,Tue Apr 10 18:55:28 +0000 2018,38,@CBSNews,2018-04-10 18:55:28+00:00,2018-04-10,0
138,38,-0.2732,0.077,0.923,0.0,Tue Apr 10 18:52:42 +0000 2018,39,@CBSNews,2018-04-10 18:52:42+00:00,2018-04-10,0
139,39,0.6369,0.0,0.766,0.234,Tue Apr 10 18:48:13 +0000 2018,40,@CBSNews,2018-04-10 18:48:13+00:00,2018-04-10,0
140,40,0.25,0.0,0.909,0.091,Tue Apr 10 18:41:20 +0000 2018,41,@CBSNews,2018-04-10 18:41:20+00:00,2018-04-10,0
141,41,0.0,0.0,1.0,0.0,Tue Apr 10 18:39:08 +0000 2018,42,@CBSNews,2018-04-10 18:39:08+00:00,2018-04-10,0
142,42,0.34,0.0,0.841,0.159,Tue Apr 10 18:36:33 +0000 2018,43,@CBSNews,2018-04-10 18:36:33+00:00,2018-04-10,0
143,43,0.0,0.0,1.0,0.0,Tue Apr 10 18:30:50 +0000 2018,44,@CBSNews,2018-04-10 18:30:50+00:00,2018-04-10,0
144,44,-0.1655,0.088,0.912,0.0,Tue Apr 10 18:05:59 +0000 2018,45,@CBSNews,2018-04-10 18:05:59+00:00,2018-04-10,0
145,45,0.0,0.0,1.0,0.0,Tue Apr 10 18:03:53 +0000 2018,46,@CBSNews,2018-04-10 18:03:53+00:00,2018-04-10,0
146,46,0.0,0.0,1.0,0.0,Tue Apr 10 17:50:36 +0000 2018,47,@CBSNews,2018-04-10 17:50:36+00:00,2018-04-10,0
147,47,0.4767,0.0,0.76,0.24,Tue Apr 10 17:42:02 +0000 2018,48,@CBSNews,2018-04-10 17:42:02+00:00,2018-04-10,0
148,48,0.4767,0.0,0.86,0.14,Tue Apr 10 17:25:54 +0000 2018,49,@CBSNews,2018-04-10 17:25:54+00:00,2018-04-10,0
149,49,0.34,0.0,0.844,0.156,Tue Apr 10 17:10:01 +0000 2018,50,@CBSNews,2018-04-10 17:10:01+00:00,2018-04-10,0
150,50,0.0,0.0,1.0,0.0,Tue Apr 10 16:56:36 +0000 2018,51,@CBSNews,2018-04-10 16:56:36+00:00,2018-04-10,0
151,51,-0.5994,0.268,0.628,0.105,Tue Apr 10 16:35:01 +0000 2018,52,@CBSNews,2018-04-10 16:35:01+00:00,2018-04-10,0
152,52,-0.2732,0.116,0.884,0.0,Tue Apr 10 16:28:07 +0000 2018,53,@CBSNews,2018-04-10 16:28:07+00:00,2018-04-10,0
153,53,-0.6249,0.194,0.806,0.0,Tue Apr 10 16:22:25 +0000 2018,54,@CBSNews,2018-04-10 16:22:25+00:00,2018-04-10,0
154,54,-0.8591,0.353,0.588,0.059,Tue Apr 10 16:15:01 +0000 2018,55,@CBSNews,2018-04-10 16:15:01+00:00,2018-04-10,0
155,55,-0.7906,0.269,0.731,0.0,Tue Apr 10 16:00:02 +0000 2018,56,@CBSNews,2018-04-10 16:00:02+00:00,2018-04-10,0
156,56,0.4215,0.0,0.882,0.118,Tue Apr 10 15:45:01 +0000 2018,57,@CBSNews,2018-04-10 15:45:01+00:00,2018-04-10,0
157,57,-0.4404,0.245,0.755,0.0,Tue Apr 10 15:30:01 +0000 2018,58,@CBSNews,2018-04-10 15:30:01+00:00,2018-04-10,0
158,58,-0.1531,0.134,0.759,0.107,Tue Apr 10 15:13:04 +0000 2018,59,@CBSNews,2018-04-10 15:13:04+00:00,2018-04-10,0
159,59,0.0,0.0,1.0,0.0,Tue Apr 10 15:02:40 +0000 2018,60,@CBSNews,2018-04-10 15:02:40+00:00,2018-04-10,0
160,60,0.0,0.0,1.0,0.0,Tue Apr 10 15:00:51 +0000 2018,61,@CBSNews,2018-04-10 15:00:51+00:00,2018-04-10,0
161,61,-0.8316,0.328,0.672,0.0,Tue Apr 10 14:59:27 +0000 2018,62,@CBSNews,2018-04-10 14:59:27+00:00,2018-04-10,0
162,62,0.6486,0.0,0.725,0.275,Tue Apr 10 14:53:00 +0000 2018,63,@CBSNews,2018-04-10 14:53:00+00:00,2018-04-10,0
163,63,-0.296,0.145,0.855,0.0,Tue Apr 10 14:40:01 +0000 2018,64,@CBSNews,2018-04-10 14:40:01+00:00,2018-04-10,0
164,64,0.0,0.11,0.78,0.11,Tue Apr 10 14:37:51 +0000 2018,65,@CBSNews,2018-04-10 14:37:51+00:00,2018-04-10,0
165,65,-0.1027,0.06,0.94,0.0,Tue Apr 10 14:37:48 +0000 2018,66,@CBSNews,2018-04-10 14:37:48+00:00,2018-04-10,0
166,66,0.0,0.0,1.0,0.0,Tue Apr 10 14:32:56 +0000 2018,67,@CBSNews,2018-04-10 14:32:56+00:00,2018-04-10,0
167,67,0.34,0.0,0.882,0.118,Tue Apr 10 14:26:28 +0000 2018,68,@CBSNews,2018-04-10 14:26:28+00:00,2018-04-10,0
168,68,0.0,0.0,1.0,0.0,Tue Apr 10 14:15:01 +0000 2018,69,@CBSNews,2018-04-10 14:15:01+00:00,2018-04-10,0
169,69,0.0,0.0,1.0,0.0,Tue Apr 10 14:01:01 +0000 2018,70,@CBSNews,2018-04-10 14:01:01+00:00,2018-04-10,0
170,70,0.0,0.0,1.0,0.0,Tue Apr 10 13:45:01 +0000 2018,71,@CBSNews,2018-04-10 13:45:01+00:00,2018-04-10,0
171,71,-0.296,0.095,0.905,0.0,Tue Apr 10 13:30:02 +0000 2018,72,@CBSNews,2018-04-10 13:30:02+00:00,2018-04-10,0
172,72,-0.296,0.099,0.901,0.0,Tue Apr 10 13:18:30 +0000 2018,73,@CBSNews,2018-04-10 13:18:30+00:00,2018-04-10,0
173,73,-0.4215,0.123,0.877,0.0,Tue Apr 10 13:15:36 +0000 2018,74,@CBSNews,2018-04-10 13:15:36+00:00,2018-04-10,0
174,74,0.0,0.0,1.0,0.0,Tue Apr 10 13:00:10 +0000 2018,75,@CBSNews,2018-04-10 13:00:10+00:00,2018-04-10,0
175,75,0.0,0.0,1.0,0.0,Tue Apr 10 12:47:11 +0000 2018,76,@CBSNews,2018-04-10 12:47:11+00:00,2018-04-10,0
176,76,0.0772,0.11,0.769,0.121,Tue Apr 10 12:45:52 +0000 2018,77,@CBSNews,2018-04-10 12:45:52+00:00,2018-04-10,0
177,77,-0.1027,0.065,0.935,0.0,Tue Apr 10 12:45:01 +0000 2018,78,@CBSNews,2018-04-10 12:45:01+00:00,2018-04-10,0
178,78,0.0,0.0,1.0,0.0,Tue Apr 10 12:43:48 +0000 2018,79,@CBSNews,2018-04-10 12:43:48+00:00,2018-04-10,0
179,79,-0.836,0.414,0.586,0.0,Tue Apr 10 12:36:32 +0000 2018,80,@CBSNews,2018-04-10 12:36:32+00:00,2018-04-10,0
180,80,0.0,0.0,1.0,0.0,Tue Apr 10 12:34:10 +0000 2018,81,@CBSNews,2018-04-10 12:34:10+00:00,2018-04-10,0
181,81,0.5994,0.0,0.822,0.178,Tue Apr 10 12:33:32 +0000 2018,82,@CBSNews,2018-04-10 12:33:32+00:00,2018-04-10,0
182,82,0.0,0.0,1.0,0.0,Tue Apr 10 12:30:37 +0000 2018,83,@CBSNews,2018-04-10 12:30:37+00:00,2018-04-10,0
183,83,0.0,0.0,1.0,0.0,Tue Apr 10 12:18:40 +0000 2018,84,@CBSNews,2018-04-10 12:18:40+00:00,2018-04-10,0
184,84,0.3612,0.0,0.8,0.2,Tue Apr 10 12:15:00 +0000 2018,85,@CBSNews,2018-04-10 12:15:00+00:00,2018-04-10,0
185,85,0.4019,0.0,0.876,0.124,Tue Apr 10 12:13:43 +0000 2018,86,@CBSNews,2018-04-10 12:13:43+00:00,2018-04-10,0
186,86,0.0,0.0,1.0,0.0,Tue Apr 10 12:08:04 +0000 2018,87,@CBSNews,2018-04-10 12:08:04+00:00,2018-04-10,0
187,87,0.2263,0.0,0.905,0.095,Tue Apr 10 12:06:29 +0000 2018,88,@CBSNews,2018-04-10 12:06:29+00:00,2018-04-10,0
188,88,0.0,0.0,1.0,0.0,Tue Apr 10 12:05:06 +0000 2018,89,@CBSNews,2018-04-10 12:05:06+00:00,2018-04-10,0
189,89,0.0,0.0,1.0,0.0,Tue Apr 10 11:53:15 +0000 2018,90,@CBSNews,2018-04-10 11:53:15+00:00,2018-04-10,0
190,90,0.0,0.0,1.0,0.0,Tue Apr 10 11:45:51 +0000 2018,91,@CBSNews,2018-04-10 11:45:51+00:00,2018-04-10,0
191,91,0.0,0.0,1.0,0.0,Tue Apr 10 11:45:01 +0000 2018,92,@CBSNews,2018-04-10 11:45:01+00:00,2018-04-10,0
192,92,-0.6486,0.296,0.704,0.0,Tue Apr 10 11:34:17 +0000 2018,93,@CBSNews,2018-04-10 11:34:17+00:00,2018-04-10,0
193,93,0.0,0.0,1.0,0.0,Tue Apr 10 11:33:33 +0000 2018,94,@CBSNews,2018-04-10 11:33:33+00:00,2018-04-10,0
194,94,-0.4588,0.123,0.833,0.044,Tue Apr 10 11:30:01 +0000 2018,95,@CBSNews,2018-04-10 11:30:01+00:00,2018-04-10,0
195,95,-0.2023,0.136,0.763,0.102,Tue Apr 10 11:23:48 +0000 2018,96,@CBSNews,2018-04-10 11:23:48+00:00,2018-04-10,0
196,96,-0.4404,0.127,0.873,0.0,Tue Apr 10 11:20:41 +0000 2018,97,@CBSNews,2018-04-10 11:20:41+00:00,2018-04-10,0
197,97,-0.3182,0.119,0.881,0.0,Tue Apr 10 11:19:36 +0000 2018,98,@CBSNews,2018-04-10 11:19:36+00:00,2018-04-10,0
198,98,0.0,0.0,1.0,0.0,Tue Apr 10 11:17:46 +0000 2018,99,@CBSNews,2018-04-10 11:17:46+00:00,2018-04-10,0
199,99,-0.3612,0.135,0.865,0.0,Tue Apr 10 11:15:00 +0000 2018,100,@CBSNews,2018-04-10 11:15:00+00:00,2018-04-10,0
200,0,0.0,0.0,1.0,0.0,Tue Apr 10 20:40:42 +0000 2018,1,@FoxNews,2018-04-10 20:40:42+00:00,2018-04-10,0
201,1,0.4019,0.0,0.87,0.13,Tue Apr 10 20:33:58 +0000 2018,2,@FoxNews,2018-04-10 20:33:58+00:00,2018-04-10,0
202,2,-0.4404,0.153,0.847,0.0,Tue Apr 10 20:33:53 +0000 2018,3,@FoxNews,2018-04-10 20:33:53+00:00,2018-04-10,0
203,3,0.7269,0.0,0.724,0.276,Tue Apr 10 20:15:56 +0000 2018,4,@FoxNews,2018-04-10 20:15:56+00:00,2018-04-10,0
204,4,0.4404,0.0,0.868,0.132,Tue Apr 10 20:08:20 +0000 2018,5,@FoxNews,2018-04-10 20:08:20+00:00,2018-04-10,0
205,5,-0.296,0.104,0.896,0.0,Tue Apr 10 19:59:44 +0000 2018,6,@FoxNews,2018-04-10 19:59:44+00:00,2018-04-10,0
206,6,0.0747,0.098,0.79,0.112,Tue Apr 10 19:56:49 +0000 2018,7,@FoxNews,2018-04-10 19:56:49+00:00,2018-04-10,0
207,7,0.4019,0.0,0.863,0.137,Tue Apr 10 19:48:55 +0000 2018,8,@FoxNews,2018-04-10 19:48:55+00:00,2018-04-10,0
208,8,0.4404,0.0,0.818,0.182,Tue Apr 10 19:46:34 +0000 2018,9,@FoxNews,2018-04-10 19:46:34+00:00,2018-04-10,0
209,9,0.0,0.0,1.0,0.0,Tue Apr 10 19:40:41 +0000 2018,10,@FoxNews,2018-04-10 19:40:41+00:00,2018-04-10,0
210,10,0.5267,0.0,0.784,0.216,Tue Apr 10 19:35:31 +0000 2018,11,@FoxNews,2018-04-10 19:35:31+00:00,2018-04-10,0
211,11,0.4019,0.097,0.739,0.163,Tue Apr 10 19:33:19 +0000 2018,12,@FoxNews,2018-04-10 19:33:19+00:00,2018-04-10,0
212,12,0.3182,0.0,0.892,0.108,Tue Apr 10 19:26:31 +0000 2018,13,@FoxNews,2018-04-10 19:26:31+00:00,2018-04-10,0
213,13,0.0,0.0,1.0,0.0,Tue Apr 10 19:18:03 +0000 2018,14,@FoxNews,2018-04-10 19:18:03+00:00,2018-04-10,0
214,14,0.7783,0.0,0.755,0.245,Tue Apr 10 19:09:37 +0000 2018,15,@FoxNews,2018-04-10 19:09:37+00:00,2018-04-10,0
215,15,0.4019,0.0,0.837,0.163,Tue Apr 10 19:06:48 +0000 2018,16,@FoxNews,2018-04-10 19:06:48+00:00,2018-04-10,0
216,16,0.5994,0.0,0.651,0.349,Tue Apr 10 19:05:27 +0000 2018,17,@FoxNews,2018-04-10 19:05:27+00:00,2018-04-10,0
217,17,0.5994,0.0,0.731,0.269,Tue Apr 10 18:58:25 +0000 2018,18,@FoxNews,2018-04-10 18:58:25+00:00,2018-04-10,0
218,18,0.6249,0.0,0.638,0.362,Tue Apr 10 18:58:12 +0000 2018,19,@FoxNews,2018-04-10 18:58:12+00:00,2018-04-10,0
219,19,0.836,0.067,0.602,0.331,Tue Apr 10 18:54:40 +0000 2018,20,@FoxNews,2018-04-10 18:54:40+00:00,2018-04-10,0
220,20,0.0,0.0,1.0,0.0,Tue Apr 10 18:52:54 +0000 2018,21,@FoxNews,2018-04-10 18:52:54+00:00,2018-04-10,0
221,21,-0.5859,0.168,0.779,0.053,Tue Apr 10 18:51:56 +0000 2018,22,@FoxNews,2018-04-10 18:51:56+00:00,2018-04-10,0
222,22,0.4215,0.0,0.851,0.149,Tue Apr 10 18:45:15 +0000 2018,23,@FoxNews,2018-04-10 18:45:15+00:00,2018-04-10,0
223,23,0.34,0.0,0.805,0.195,Tue Apr 10 18:39:01 +0000 2018,24,@FoxNews,2018-04-10 18:39:01+00:00,2018-04-10,0
224,24,0.0,0.0,1.0,0.0,Tue Apr 10 18:31:43 +0000 2018,25,@FoxNews,2018-04-10 18:31:43+00:00,2018-04-10,0
225,25,0.0,0.0,1.0,0.0,Tue Apr 10 18:31:22 +0000 2018,26,@FoxNews,2018-04-10 18:31:22+00:00,2018-04-10,0
226,26,0.0,0.0,1.0,0.0,Tue Apr 10 18:30:26 +0000 2018,27,@FoxNews,2018-04-10 18:30:26+00:00,2018-04-10,0
227,27,-0.34,0.167,0.833,0.0,Tue Apr 10 18:26:30 +0000 2018,28,@FoxNews,2018-04-10 18:26:30+00:00,2018-04-10,0
228,28,0.0,0.0,1.0,0.0,Tue Apr 10 18:16:27 +0000 2018,29,@FoxNews,2018-04-10 18:16:27+00:00,2018-04-10,0
229,29,0.0,0.0,1.0,0.0,Tue Apr 10 18:01:22 +0000 2018,30,@FoxNews,2018-04-10 18:01:22+00:00,2018-04-10,0
230,30,-0.8658,0.409,0.591,0.0,Tue Apr 10 17:45:00 +0000 2018,31,@FoxNews,2018-04-10 17:45:00+00:00,2018-04-10,0
231,31,0.2023,0.127,0.696,0.177,Tue Apr 10 17:34:51 +0000 2018,32,@FoxNews,2018-04-10 17:34:51+00:00,2018-04-10,0
232,32,0.4019,0.141,0.604,0.255,Tue Apr 10 17:34:04 +0000 2018,33,@FoxNews,2018-04-10 17:34:04+00:00,2018-04-10,0
233,33,-0.5574,0.217,0.783,0.0,Tue Apr 10 17:14:02 +0000 2018,34,@FoxNews,2018-04-10 17:14:02+00:00,2018-04-10,0
234,34,0.0,0.0,1.0,0.0,Tue Apr 10 17:06:37 +0000 2018,35,@FoxNews,2018-04-10 17:06:37+00:00,2018-04-10,0
235,35,0.6486,0.14,0.468,0.392,Tue Apr 10 16:50:47 +0000 2018,36,@FoxNews,2018-04-10 16:50:47+00:00,2018-04-10,0
236,36,0.4767,0.0,0.659,0.341,Tue Apr 10 16:38:44 +0000 2018,37,@FoxNews,2018-04-10 16:38:44+00:00,2018-04-10,0
237,37,0.6249,0.0,0.745,0.255,Tue Apr 10 16:33:47 +0000 2018,38,@FoxNews,2018-04-10 16:33:47+00:00,2018-04-10,0
238,38,-0.5106,0.309,0.537,0.154,Tue Apr 10 16:24:59 +0000 2018,39,@FoxNews,2018-04-10 16:24:59+00:00,2018-04-10,0
239,39,0.4939,0.0,0.789,0.211,Tue Apr 10 15:47:54 +0000 2018,40,@FoxNews,2018-04-10 15:47:54+00:00,2018-04-10,0
240,40,0.0,0.0,1.0,0.0,Tue Apr 10 15:39:38 +0000 2018,41,@FoxNews,2018-04-10 15:39:38+00:00,2018-04-10,0
241,41,0.3818,0.0,0.843,0.157,Tue Apr 10 15:38:34 +0000 2018,42,@FoxNews,2018-04-10 15:38:34+00:00,2018-04-10,0
242,42,-0.1027,0.149,0.851,0.0,Tue Apr 10 15:37:19 +0000 2018,43,@FoxNews,2018-04-10 15:37:19+00:00,2018-04-10,0
243,43,0.4588,0.0,0.765,0.235,Tue Apr 10 15:25:50 +0000 2018,44,@FoxNews,2018-04-10 15:25:50+00:00,2018-04-10,0
244,44,-0.6486,0.301,0.699,0.0,Tue Apr 10 15:15:00 +0000 2018,45,@FoxNews,2018-04-10 15:15:00+00:00,2018-04-10,0
245,45,0.34,0.0,0.806,0.194,Tue Apr 10 15:10:17 +0000 2018,46,@FoxNews,2018-04-10 15:10:17+00:00,2018-04-10,0
246,46,-0.296,0.3,0.471,0.229,Tue Apr 10 15:05:00 +0000 2018,47,@FoxNews,2018-04-10 15:05:00+00:00,2018-04-10,0
247,47,0.0258,0.156,0.68,0.163,Tue Apr 10 15:02:48 +0000 2018,48,@FoxNews,2018-04-10 15:02:48+00:00,2018-04-10,0
248,48,-0.34,0.156,0.844,0.0,Tue Apr 10 14:54:56 +0000 2018,49,@FoxNews,2018-04-10 14:54:56+00:00,2018-04-10,0
249,49,0.0258,0.181,0.63,0.189,Tue Apr 10 14:51:57 +0000 2018,50,@FoxNews,2018-04-10 14:51:57+00:00,2018-04-10,0
250,50,0.0,0.179,0.641,0.179,Tue Apr 10 14:50:55 +0000 2018,51,@FoxNews,2018-04-10 14:50:55+00:00,2018-04-10,0
251,51,-0.6369,0.441,0.395,0.164,Tue Apr 10 14:42:00 +0000 2018,52,@FoxNews,2018-04-10 14:42:00+00:00,2018-04-10,0
252,52,0.0258,0.168,0.657,0.175,Tue Apr 10 14:39:24 +0000 2018,53,@FoxNews,2018-04-10 14:39:24+00:00,2018-04-10,0
253,53,0.0258,0.146,0.701,0.153,Tue Apr 10 14:25:27 +0000 2018,54,@FoxNews,2018-04-10 14:25:27+00:00,2018-04-10,0
254,54,0.0,0.0,1.0,0.0,Tue Apr 10 14:16:22 +0000 2018,55,@FoxNews,2018-04-10 14:16:22+00:00,2018-04-10,0
255,55,0.128,0.0,0.909,0.091,Tue Apr 10 14:11:42 +0000 2018,56,@FoxNews,2018-04-10 14:11:42+00:00,2018-04-10,0
256,56,-0.4019,0.197,0.803,0.0,Tue Apr 10 14:05:55 +0000 2018,57,@FoxNews,2018-04-10 14:05:55+00:00,2018-04-10,0
257,57,0.0,0.0,1.0,0.0,Tue Apr 10 14:03:14 +0000 2018,58,@FoxNews,2018-04-10 14:03:14+00:00,2018-04-10,0
258,58,0.0,0.0,1.0,0.0,Tue Apr 10 14:01:32 +0000 2018,59,@FoxNews,2018-04-10 14:01:32+00:00,2018-04-10,0
259,59,0.6326,0.0,0.812,0.188,Tue Apr 10 14:00:10 +0000 2018,60,@FoxNews,2018-04-10 14:00:10+00:00,2018-04-10,0
260,60,0.0,0.0,1.0,0.0,Tue Apr 10 13:56:50 +0000 2018,61,@FoxNews,2018-04-10 13:56:50+00:00,2018-04-10,0
261,61,0.6597,0.0,0.735,0.265,Tue Apr 10 13:53:04 +0000 2018,62,@FoxNews,2018-04-10 13:53:04+00:00,2018-04-10,0
262,62,-0.2263,0.147,0.853,0.0,Tue Apr 10 13:44:26 +0000 2018,63,@FoxNews,2018-04-10 13:44:26+00:00,2018-04-10,0
263,63,0.0,0.0,1.0,0.0,Tue Apr 10 13:10:00 +0000 2018,64,@FoxNews,2018-04-10 13:10:00+00:00,2018-04-10,0
264,64,0.0,0.0,1.0,0.0,Tue Apr 10 13:00:42 +0000 2018,65,@FoxNews,2018-04-10 13:00:42+00:00,2018-04-10,0
265,65,-0.2263,0.101,0.899,0.0,Tue Apr 10 12:58:28 +0000 2018,66,@FoxNews,2018-04-10 12:58:28+00:00,2018-04-10,0
266,66,0.0772,0.0,0.92,0.08,Tue Apr 10 12:50:37 +0000 2018,67,@FoxNews,2018-04-10 12:50:37+00:00,2018-04-10,0
267,67,0.34,0.0,0.876,0.124,Tue Apr 10 12:50:10 +0000 2018,68,@FoxNews,2018-04-10 12:50:10+00:00,2018-04-10,0
268,68,0.4215,0.0,0.865,0.135,Tue Apr 10 12:43:53 +0000 2018,69,@FoxNews,2018-04-10 12:43:53+00:00,2018-04-10,0
269,69,0.0,0.0,1.0,0.0,Tue Apr 10 12:42:17 +0000 2018,70,@FoxNews,2018-04-10 12:42:17+00:00,2018-04-10,0
270,70,0.4509,0.118,0.661,0.221,Tue Apr 10 12:22:10 +0000 2018,71,@FoxNews,2018-04-10 12:22:10+00:00,2018-04-10,0
271,71,-0.296,0.18,0.82,0.0,Tue Apr 10 12:13:32 +0000 2018,72,@FoxNews,2018-04-10 12:13:32+00:00,2018-04-10,0
272,72,0.0,0.0,1.0,0.0,Tue Apr 10 12:12:44 +0000 2018,73,@FoxNews,2018-04-10 12:12:44+00:00,2018-04-10,0
273,73,0.3412,0.0,0.806,0.194,Tue Apr 10 12:08:26 +0000 2018,74,@FoxNews,2018-04-10 12:08:26+00:00,2018-04-10,0
274,74,-0.296,0.104,0.896,0.0,Tue Apr 10 11:57:41 +0000 2018,75,@FoxNews,2018-04-10 11:57:41+00:00,2018-04-10,0
275,75,0.0,0.0,1.0,0.0,Tue Apr 10 11:42:07 +0000 2018,76,@FoxNews,2018-04-10 11:42:07+00:00,2018-04-10,0
276,76,0.4767,0.0,0.659,0.341,Tue Apr 10 11:29:35 +0000 2018,77,@FoxNews,2018-04-10 11:29:35+00:00,2018-04-10,0
277,77,0.128,0.0,0.88,0.12,Tue Apr 10 11:00:04 +0000 2018,78,@FoxNews,2018-04-10 11:00:04+00:00,2018-04-10,0
278,78,-0.5859,0.324,0.676,0.0,Tue Apr 10 10:41:17 +0000 2018,79,@FoxNews,2018-04-10 10:41:17+00:00,2018-04-10,0
279,79,-0.3612,0.296,0.566,0.138,Tue Apr 10 10:40:32 +0000 2018,80,@FoxNews,2018-04-10 10:40:32+00:00,2018-04-10,0
280,80,0.4019,0.0,0.856,0.144,Tue Apr 10 10:37:10 +0000 2018,81,@FoxNews,2018-04-10 10:37:10+00:00,2018-04-10,0
281,81,-0.0258,0.068,0.932,0.0,Tue Apr 10 10:32:28 +0000 2018,82,@FoxNews,2018-04-10 10:32:28+00:00,2018-04-10,0
282,82,-0.5812,0.254,0.746,0.0,Tue Apr 10 10:26:15 +0000 2018,83,@FoxNews,2018-04-10 10:26:15+00:00,2018-04-10,0
283,83,-0.3818,0.206,0.794,0.0,Tue Apr 10 10:21:33 +0000 2018,84,@FoxNews,2018-04-10 10:21:33+00:00,2018-04-10,0
284,84,0.0,0.0,1.0,0.0,Tue Apr 10 10:19:15 +0000 2018,85,@FoxNews,2018-04-10 10:19:15+00:00,2018-04-10,0
285,85,0.0,0.147,0.705,0.147,Tue Apr 10 10:17:22 +0000 2018,86,@FoxNews,2018-04-10 10:17:22+00:00,2018-04-10,0
286,86,-0.7906,0.412,0.588,0.0,Tue Apr 10 10:06:39 +0000 2018,87,@FoxNews,2018-04-10 10:06:39+00:00,2018-04-10,0
287,87,-0.0258,0.091,0.909,0.0,Tue Apr 10 10:01:20 +0000 2018,88,@FoxNews,2018-04-10 10:01:20+00:00,2018-04-10,0
288,88,0.5267,0.076,0.696,0.228,Tue Apr 10 09:58:48 +0000 2018,89,@FoxNews,2018-04-10 09:58:48+00:00,2018-04-10,0
289,89,0.0,0.0,1.0,0.0,Tue Apr 10 09:52:57 +0000 2018,90,@FoxNews,2018-04-10 09:52:57+00:00,2018-04-10,0
290,90,0.0,0.0,1.0,0.0,Tue Apr 10 09:42:25 +0000 2018,91,@FoxNews,2018-04-10 09:42:25+00:00,2018-04-10,0
291,91,0.128,0.0,0.88,0.12,Tue Apr 10 09:38:46 +0000 2018,92,@FoxNews,2018-04-10 09:38:46+00:00,2018-04-10,0
292,92,0.0,0.0,1.0,0.0,Tue Apr 10 09:32:12 +0000 2018,93,@FoxNews,2018-04-10 09:32:12+00:00,2018-04-10,0
293,93,0.0,0.0,1.0,0.0,Tue Apr 10 09:26:36 +0000 2018,94,@FoxNews,2018-04-10 09:26:36+00:00,2018-04-10,0
294,94,-0.4767,0.193,0.807,0.0,Tue Apr 10 09:25:44 +0000 2018,95,@FoxNews,2018-04-10 09:25:44+00:00,2018-04-10,0
295,95,0.0,0.0,1.0,0.0,Tue Apr 10 09:21:29 +0000 2018,96,@FoxNews,2018-04-10 09:21:29+00:00,2018-04-10,0
296,96,0.4215,0.0,0.833,0.167,Tue Apr 10 09:14:52 +0000 2018,97,@FoxNews,2018-04-10 09:14:52+00:00,2018-04-10,0
297,97,0.4404,0.0,0.854,0.146,Tue Apr 10 09:09:11 +0000 2018,98,@FoxNews,2018-04-10 09:09:11+00:00,2018-04-10,0
298,98,-0.2263,0.101,0.899,0.0,Tue Apr 10 09:04:06 +0000 2018,99,@FoxNews,2018-04-10 09:04:06+00:00,2018-04-10,0
299,99,0.128,0.0,0.909,0.091,Tue Apr 10 09:00:26 +0000 2018,100,@FoxNews,2018-04-10 09:00:26+00:00,2018-04-10,0
300,0,0.5707,0.0,0.862,0.138,Tue Apr 10 20:35:38 +0000 2018,1,@BBCWorld,2018-04-10 20:35:38+00:00,2018-04-10,0
301,1,0.0,0.0,1.0,0.0,Tue Apr 10 19:59:42 +0000 2018,2,@BBCWorld,2018-04-10 19:59:42+00:00,2018-04-10,0
302,2,0.25,0.103,0.714,0.183,Tue Apr 10 19:42:23 +0000 2018,3,@BBCWorld,2018-04-10 19:42:23+00:00,2018-04-10,0
303,3,0.1406,0.056,0.864,0.08,Tue Apr 10 19:39:10 +0000 2018,4,@BBCWorld,2018-04-10 19:39:10+00:00,2018-04-10,0
304,4,-0.8885,0.59,0.41,0.0,Tue Apr 10 19:37:13 +0000 2018,5,@BBCWorld,2018-04-10 19:37:13+00:00,2018-04-10,0
305,5,-0.1531,0.232,0.6,0.168,Tue Apr 10 19:36:44 +0000 2018,6,@BBCWorld,2018-04-10 19:36:44+00:00,2018-04-10,0
306,6,-0.6597,0.423,0.577,0.0,Tue Apr 10 19:31:11 +0000 2018,7,@BBCWorld,2018-04-10 19:31:11+00:00,2018-04-10,0
307,7,0.0,0.0,1.0,0.0,Tue Apr 10 19:14:54 +0000 2018,8,@BBCWorld,2018-04-10 19:14:54+00:00,2018-04-10,0
308,8,0.0,0.0,1.0,0.0,Tue Apr 10 19:10:12 +0000 2018,9,@BBCWorld,2018-04-10 19:10:12+00:00,2018-04-10,0
309,9,0.0,0.0,1.0,0.0,Tue Apr 10 19:10:02 +0000 2018,10,@BBCWorld,2018-04-10 19:10:02+00:00,2018-04-10,0
310,10,-0.5994,0.308,0.692,0.0,Tue Apr 10 19:08:39 +0000 2018,11,@BBCWorld,2018-04-10 19:08:39+00:00,2018-04-10,0
311,11,-0.9578,0.513,0.487,0.0,Tue Apr 10 18:57:34 +0000 2018,12,@BBCWorld,2018-04-10 18:57:34+00:00,2018-04-10,0
312,12,0.0,0.0,1.0,0.0,Tue Apr 10 18:44:56 +0000 2018,13,@BBCWorld,2018-04-10 18:44:56+00:00,2018-04-10,0
313,13,0.0,0.0,1.0,0.0,Tue Apr 10 18:36:07 +0000 2018,14,@BBCWorld,2018-04-10 18:36:07+00:00,2018-04-10,0
314,14,0.5106,0.0,0.732,0.268,Tue Apr 10 18:28:29 +0000 2018,15,@BBCWorld,2018-04-10 18:28:29+00:00,2018-04-10,0
315,15,-0.6705,0.407,0.593,0.0,Tue Apr 10 18:13:31 +0000 2018,16,@BBCWorld,2018-04-10 18:13:31+00:00,2018-04-10,0
316,16,0.0,0.0,1.0,0.0,Tue Apr 10 17:14:23 +0000 2018,17,@BBCWorld,2018-04-10 17:14:23+00:00,2018-04-10,0
317,17,-0.5719,0.346,0.654,0.0,Tue Apr 10 16:47:33 +0000 2018,18,@BBCWorld,2018-04-10 16:47:33+00:00,2018-04-10,0
318,18,0.0,0.0,1.0,0.0,Tue Apr 10 16:43:16 +0000 2018,19,@BBCWorld,2018-04-10 16:43:16+00:00,2018-04-10,0
319,19,-0.656,0.313,0.599,0.088,Tue Apr 10 16:39:39 +0000 2018,20,@BBCWorld,2018-04-10 16:39:39+00:00,2018-04-10,0
320,20,0.0258,0.215,0.561,0.224,Tue Apr 10 16:24:35 +0000 2018,21,@BBCWorld,2018-04-10 16:24:35+00:00,2018-04-10,0
321,21,0.1779,0.0,0.805,0.195,Tue Apr 10 16:20:31 +0000 2018,22,@BBCWorld,2018-04-10 16:20:31+00:00,2018-04-10,0
322,22,-0.6369,0.506,0.291,0.203,Tue Apr 10 15:43:39 +0000 2018,23,@BBCWorld,2018-04-10 15:43:39+00:00,2018-04-10,0
323,23,-0.7184,0.25,0.75,0.0,Tue Apr 10 15:19:09 +0000 2018,24,@BBCWorld,2018-04-10 15:19:09+00:00,2018-04-10,0
324,24,-0.3818,0.206,0.794,0.0,Tue Apr 10 14:49:32 +0000 2018,25,@BBCWorld,2018-04-10 14:49:32+00:00,2018-04-10,0
325,25,-0.2263,0.192,0.808,0.0,Tue Apr 10 14:42:56 +0000 2018,26,@BBCWorld,2018-04-10 14:42:56+00:00,2018-04-10,0
326,26,-0.4019,0.177,0.742,0.081,Tue Apr 10 12:00:14 +0000 2018,27,@BBCWorld,2018-04-10 12:00:14+00:00,2018-04-10,0
327,27,0.0,0.0,1.0,0.0,Tue Apr 10 11:37:36 +0000 2018,28,@BBCWorld,2018-04-10 11:37:36+00:00,2018-04-10,0
328,28,-0.6249,0.63,0.37,0.0,Tue Apr 10 11:18:41 +0000 2018,29,@BBCWorld,2018-04-10 11:18:41+00:00,2018-04-10,0
329,29,-0.7906,0.467,0.533,0.0,Tue Apr 10 10:59:03 +0000 2018,30,@BBCWorld,2018-04-10 10:59:03+00:00,2018-04-10,0
330,30,-0.4588,0.304,0.588,0.108,Tue Apr 10 10:50:58 +0000 2018,31,@BBCWorld,2018-04-10 10:50:58+00:00,2018-04-10,0
331,31,0.5106,0.0,0.732,0.268,Tue Apr 10 10:47:57 +0000 2018,32,@BBCWorld,2018-04-10 10:47:57+00:00,2018-04-10,0
332,32,0.0772,0.0,0.843,0.157,Tue Apr 10 10:38:07 +0000 2018,33,@BBCWorld,2018-04-10 10:38:07+00:00,2018-04-10,0
333,33,0.0,0.0,1.0,0.0,Tue Apr 10 10:31:03 +0000 2018,34,@BBCWorld,2018-04-10 10:31:03+00:00,2018-04-10,0
334,34,-0.8074,0.378,0.622,0.0,Tue Apr 10 10:31:03 +0000 2018,35,@BBCWorld,2018-04-10 10:31:03+00:00,2018-04-10,0
335,35,-0.7351,0.47,0.53,0.0,Tue Apr 10 09:50:31 +0000 2018,36,@BBCWorld,2018-04-10 09:50:31+00:00,2018-04-10,0
336,36,-0.4019,0.231,0.769,0.0,Tue Apr 10 09:38:13 +0000 2018,37,@BBCWorld,2018-04-10 09:38:13+00:00,2018-04-10,0
337,37,-0.3612,0.238,0.762,0.0,Tue Apr 10 09:11:04 +0000 2018,38,@BBCWorld,2018-04-10 09:11:04+00:00,2018-04-10,0
338,38,0.0,0.0,1.0,0.0,Tue Apr 10 08:32:11 +0000 2018,39,@BBCWorld,2018-04-10 08:32:11+00:00,2018-04-10,0
339,39,0.0,0.0,1.0,0.0,Tue Apr 10 07:58:41 +0000 2018,40,@BBCWorld,2018-04-10 07:58:41+00:00,2018-04-10,0
340,40,0.0,0.0,1.0,0.0,Tue Apr 10 07:10:42 +0000 2018,41,@BBCWorld,2018-04-10 07:10:42+00:00,2018-04-10,0
341,41,0.0,0.0,1.0,0.0,Tue Apr 10 07:06:53 +0000 2018,42,@BBCWorld,2018-04-10 07:06:53+00:00,2018-04-10,0
342,42,-0.4939,0.39,0.61,0.0,Tue Apr 10 06:51:40 +0000 2018,43,@BBCWorld,2018-04-10 06:51:40+00:00,2018-04-10,0
343,43,-0.4215,0.259,0.741,0.0,Tue Apr 10 06:50:32 +0000 2018,44,@BBCWorld,2018-04-10 06:50:32+00:00,2018-04-10,0
344,44,0.0,0.0,1.0,0.0,Tue Apr 10 06:15:53 +0000 2018,45,@BBCWorld,2018-04-10 06:15:53+00:00,2018-04-10,0
345,45,-0.6486,0.431,0.569,0.0,Tue Apr 10 04:18:32 +0000 2018,46,@BBCWorld,2018-04-10 04:18:32+00:00,2018-04-10,0
346,46,0.0,0.0,1.0,0.0,Tue Apr 10 01:49:14 +0000 2018,47,@BBCWorld,2018-04-10 01:49:14+00:00,2018-04-10,0
347,47,-0.4767,0.256,0.744,0.0,Tue Apr 10 01:08:56 +0000 2018,48,@BBCWorld,2018-04-10 01:08:56+00:00,2018-04-10,0
348,48,0.0,0.0,1.0,0.0,Tue Apr 10 00:22:14 +0000 2018,49,@BBCWorld,2018-04-10 00:22:14+00:00,2018-04-10,0
349,49,-0.4767,0.279,0.721,0.0,Tue Apr 10 00:09:45 +0000 2018,50,@BBCWorld,2018-04-10 00:09:45+00:00,2018-04-10,0
350,50,-0.4404,0.293,0.707,0.0,Mon Apr 09 23:43:28 +0000 2018,51,@BBCWorld,2018-04-09 23:43:28+00:00,2018-04-09,-1
351,51,0.0,0.0,1.0,0.0,Mon Apr 09 23:09:05 +0000 2018,52,@BBCWorld,2018-04-09 23:09:05+00:00,2018-04-09,-1
352,52,0.0,0.323,0.354,0.323,Mon Apr 09 23:09:05 +0000 2018,53,@BBCWorld,2018-04-09 23:09:05+00:00,2018-04-09,-1
353,53,-0.3612,0.2,0.8,0.0,Mon Apr 09 23:06:01 +0000 2018,54,@BBCWorld,2018-04-09 23:06:01+00:00,2018-04-09,-1
354,54,0.0,0.0,1.0,0.0,Mon Apr 09 23:06:00 +0000 2018,55,@BBCWorld,2018-04-09 23:06:00+00:00,2018-04-09,-1
355,55,0.0,0.0,1.0,0.0,Mon Apr 09 23:03:01 +0000 2018,56,@BBCWorld,2018-04-09 23:03:01+00:00,2018-04-09,-1
356,56,-0.5267,0.139,0.861,0.0,Mon Apr 09 21:03:46 +0000 2018,57,@BBCWorld,2018-04-09 21:03:46+00:00,2018-04-09,-1
357,57,-0.1774,0.173,0.694,0.133,Mon Apr 09 20:42:27 +0000 2018,58,@BBCWorld,2018-04-09 20:42:27+00:00,2018-04-09,-1
358,58,0.0,0.0,1.0,0.0,Mon Apr 09 20:34:25 +0000 2018,59,@BBCWorld,2018-04-09 20:34:25+00:00,2018-04-09,-1
359,59,-0.7845,0.345,0.655,0.0,Mon Apr 09 20:08:21 +0000 2018,60,@BBCWorld,2018-04-09 20:08:21+00:00,2018-04-09,-1
360,60,-0.3506,0.104,0.896,0.0,Mon Apr 09 19:56:15 +0000 2018,61,@BBCWorld,2018-04-09 19:56:15+00:00,2018-04-09,-1
361,61,0.0,0.0,1.0,0.0,Mon Apr 09 19:05:36 +0000 2018,62,@BBCWorld,2018-04-09 19:05:36+00:00,2018-04-09,-1
362,62,0.2911,0.0,0.886,0.114,Mon Apr 09 18:36:13 +0000 2018,63,@BBCWorld,2018-04-09 18:36:13+00:00,2018-04-09,-1
363,63,0.0,0.0,1.0,0.0,Mon Apr 09 18:35:13 +0000 2018,64,@BBCWorld,2018-04-09 18:35:13+00:00,2018-04-09,-1
364,64,-0.4767,0.383,0.617,0.0,Mon Apr 09 18:35:13 +0000 2018,65,@BBCWorld,2018-04-09 18:35:13+00:00,2018-04-09,-1
365,65,-0.6124,0.357,0.643,0.0,Mon Apr 09 18:35:11 +0000 2018,66,@BBCWorld,2018-04-09 18:35:11+00:00,2018-04-09,-1
366,66,0.7003,0.0,0.58,0.42,Mon Apr 09 18:35:11 +0000 2018,67,@BBCWorld,2018-04-09 18:35:11+00:00,2018-04-09,-1
367,67,0.0,0.0,1.0,0.0,Mon Apr 09 17:55:14 +0000 2018,68,@BBCWorld,2018-04-09 17:55:14+00:00,2018-04-09,-1
368,68,0.0,0.0,1.0,0.0,Mon Apr 09 17:31:00 +0000 2018,69,@BBCWorld,2018-04-09 17:31:00+00:00,2018-04-09,-1
369,69,0.3818,0.0,0.833,0.167,Mon Apr 09 17:21:26 +0000 2018,70,@BBCWorld,2018-04-09 17:21:26+00:00,2018-04-09,-1
370,70,-0.6124,0.385,0.615,0.0,Mon Apr 09 17:11:16 +0000 2018,71,@BBCWorld,2018-04-09 17:11:16+00:00,2018-04-09,-1
371,71,-0.34,0.362,0.638,0.0,Mon Apr 09 16:53:06 +0000 2018,72,@BBCWorld,2018-04-09 16:53:06+00:00,2018-04-09,-1
372,72,-0.6705,0.391,0.609,0.0,Mon Apr 09 16:40:43 +0000 2018,73,@BBCWorld,2018-04-09 16:40:43+00:00,2018-04-09,-1
373,73,0.0,0.0,1.0,0.0,Mon Apr 09 15:59:20 +0000 2018,74,@BBCWorld,2018-04-09 15:59:20+00:00,2018-04-09,-1
374,74,0.0,0.0,1.0,0.0,Mon Apr 09 15:56:35 +0000 2018,75,@BBCWorld,2018-04-09 15:56:35+00:00,2018-04-09,-1
375,75,-0.6597,0.328,0.672,0.0,Mon Apr 09 15:37:59 +0000 2018,76,@BBCWorld,2018-04-09 15:37:59+00:00,2018-04-09,-1
376,76,-0.9231,0.412,0.588,0.0,Mon Apr 09 15:17:57 +0000 2018,77,@BBCWorld,2018-04-09 15:17:57+00:00,2018-04-09,-1
377,77,0.3612,0.0,0.894,0.106,Mon Apr 09 14:44:55 +0000 2018,78,@BBCWorld,2018-04-09 14:44:55+00:00,2018-04-09,-1
378,78,0.0,0.0,1.0,0.0,Mon Apr 09 14:44:39 +0000 2018,79,@BBCWorld,2018-04-09 14:44:39+00:00,2018-04-09,-1
379,79,-0.5423,0.36,0.64,0.0,Mon Apr 09 14:21:00 +0000 2018,80,@BBCWorld,2018-04-09 14:21:00+00:00,2018-04-09,-1
380,80,0.0,0.0,1.0,0.0,Mon Apr 09 14:03:04 +0000 2018,81,@BBCWorld,2018-04-09 14:03:04+00:00,2018-04-09,-1
381,81,-0.3182,0.247,0.753,0.0,Mon Apr 09 13:59:54 +0000 2018,82,@BBCWorld,2018-04-09 13:59:54+00:00,2018-04-09,-1
382,82,0.0,0.0,1.0,0.0,Mon Apr 09 13:50:36 +0000 2018,83,@BBCWorld,2018-04-09 13:50:36+00:00,2018-04-09,-1
383,83,-0.1027,0.135,0.865,0.0,Mon Apr 09 13:41:51 +0000 2018,84,@BBCWorld,2018-04-09 13:41:51+00:00,2018-04-09,-1
384,84,-0.4215,0.286,0.714,0.0,Mon Apr 09 13:41:51 +0000 2018,85,@BBCWorld,2018-04-09 13:41:51+00:00,2018-04-09,-1
385,85,0.5719,0.0,0.844,0.156,Mon Apr 09 13:28:27 +0000 2018,86,@BBCWorld,2018-04-09 13:28:27+00:00,2018-04-09,-1
386,86,0.0,0.0,1.0,0.0,Mon Apr 09 13:27:30 +0000 2018,87,@BBCWorld,2018-04-09 13:27:30+00:00,2018-04-09,-1
387,87,-0.92,0.435,0.565,0.0,Mon Apr 09 13:17:16 +0000 2018,88,@BBCWorld,2018-04-09 13:17:16+00:00,2018-04-09,-1
388,88,0.0,0.0,1.0,0.0,Mon Apr 09 13:12:27 +0000 2018,89,@BBCWorld,2018-04-09 13:12:27+00:00,2018-04-09,-1
389,89,0.0,0.0,1.0,0.0,Mon Apr 09 12:59:45 +0000 2018,90,@BBCWorld,2018-04-09 12:59:45+00:00,2018-04-09,-1
390,90,0.0,0.0,1.0,0.0,Mon Apr 09 11:47:52 +0000 2018,91,@BBCWorld,2018-04-09 11:47:52+00:00,2018-04-09,-1
391,91,-0.765,0.487,0.513,0.0,Mon Apr 09 11:41:38 +0000 2018,92,@BBCWorld,2018-04-09 11:41:38+00:00,2018-04-09,-1
392,92,-0.34,0.255,0.745,0.0,Mon Apr 09 11:03:39 +0000 2018,93,@BBCWorld,2018-04-09 11:03:39+00:00,2018-04-09,-1
393,93,-0.5719,0.316,0.684,0.0,Mon Apr 09 10:59:25 +0000 2018,94,@BBCWorld,2018-04-09 10:59:25+00:00,2018-04-09,-1
394,94,0.0,0.0,1.0,0.0,Mon Apr 09 10:34:36 +0000 2018,95,@BBCWorld,2018-04-09 10:34:36+00:00,2018-04-09,-1
395,95,0.4019,0.0,0.748,0.252,Mon Apr 09 10:34:36 +0000 2018,96,@BBCWorld,2018-04-09 10:34:36+00:00,2018-04-09,-1
396,96,0.4404,0.0,0.707,0.293,Mon Apr 09 10:31:52 +0000 2018,97,@BBCWorld,2018-04-09 10:31:52+00:00,2018-04-09,-1
397,97,0.4588,0.204,0.395,0.401,Mon Apr 09 10:28:51 +0000 2018,98,@BBCWorld,2018-04-09 10:28:51+00:00,2018-04-09,-1
398,98,0.0772,0.0,0.86,0.14,Mon Apr 09 09:46:35 +0000 2018,99,@BBCWorld,2018-04-09 09:46:35+00:00,2018-04-09,-1
399,99,-0.128,0.248,0.55,0.202,Mon Apr 09 09:13:16 +0000 2018,100,@BBCWorld,2018-04-09 09:13:16+00:00,2018-04-09,-1
400,0,-0.4019,0.172,0.828,0.0,Tue Apr 10 20:39:38 +0000 2018,1,@CNN,2018-04-10 20:39:38+00:00,2018-04-10,0
401,1,0.0,0.0,1.0,0.0,Tue Apr 10 20:37:20 +0000 2018,2,@CNN,2018-04-10 20:37:20+00:00,2018-04-10,0
402,2,-0.296,0.121,0.879,0.0,Tue Apr 10 20:37:02 +0000 2018,3,@CNN,2018-04-10 20:37:02+00:00,2018-04-10,0
403,3,-0.5574,0.265,0.735,0.0,Tue Apr 10 20:33:17 +0000 2018,4,@CNN,2018-04-10 20:33:17+00:00,2018-04-10,0
404,4,0.0516,0.0,0.941,0.059,Tue Apr 10 20:32:04 +0000 2018,5,@CNN,2018-04-10 20:32:04+00:00,2018-04-10,0
405,5,0.7717,0.0,0.705,0.295,Tue Apr 10 20:25:37 +0000 2018,6,@CNN,2018-04-10 20:25:37+00:00,2018-04-10,0
406,6,-0.6249,0.24,0.76,0.0,Tue Apr 10 20:20:51 +0000 2018,7,@CNN,2018-04-10 20:20:51+00:00,2018-04-10,0
407,7,0.0,0.0,1.0,0.0,Tue Apr 10 20:19:05 +0000 2018,8,@CNN,2018-04-10 20:19:05+00:00,2018-04-10,0
408,8,-0.6705,0.268,0.632,0.1,Tue Apr 10 20:15:09 +0000 2018,9,@CNN,2018-04-10 20:15:09+00:00,2018-04-10,0
409,9,-0.296,0.167,0.833,0.0,Tue Apr 10 20:14:06 +0000 2018,10,@CNN,2018-04-10 20:14:06+00:00,2018-04-10,0
410,10,0.34,0.0,0.882,0.118,Tue Apr 10 20:10:22 +0000 2018,11,@CNN,2018-04-10 20:10:22+00:00,2018-04-10,0
411,11,0.0,0.0,1.0,0.0,Tue Apr 10 20:09:25 +0000 2018,12,@CNN,2018-04-10 20:09:25+00:00,2018-04-10,0
412,12,-0.1685,0.092,0.847,0.061,Tue Apr 10 20:04:20 +0000 2018,13,@CNN,2018-04-10 20:04:20+00:00,2018-04-10,0
413,13,0.5859,0.0,0.769,0.231,Tue Apr 10 20:01:46 +0000 2018,14,@CNN,2018-04-10 20:01:46+00:00,2018-04-10,0
414,14,0.0,0.0,1.0,0.0,Tue Apr 10 19:59:29 +0000 2018,15,@CNN,2018-04-10 19:59:29+00:00,2018-04-10,0
415,15,-0.1027,0.104,0.896,0.0,Tue Apr 10 19:57:24 +0000 2018,16,@CNN,2018-04-10 19:57:24+00:00,2018-04-10,0
416,16,0.0,0.0,1.0,0.0,Tue Apr 10 19:57:06 +0000 2018,17,@CNN,2018-04-10 19:57:06+00:00,2018-04-10,0
417,17,0.0,0.0,1.0,0.0,Tue Apr 10 19:52:01 +0000 2018,18,@CNN,2018-04-10 19:52:01+00:00,2018-04-10,0
418,18,0.624,0.0,0.806,0.194,Tue Apr 10 19:49:51 +0000 2018,19,@CNN,2018-04-10 19:49:51+00:00,2018-04-10,0
419,19,0.296,0.0,0.905,0.095,Tue Apr 10 19:47:04 +0000 2018,20,@CNN,2018-04-10 19:47:04+00:00,2018-04-10,0
420,20,-0.2023,0.079,0.921,0.0,Tue Apr 10 19:42:15 +0000 2018,21,@CNN,2018-04-10 19:42:15+00:00,2018-04-10,0
421,21,0.4019,0.0,0.838,0.162,Tue Apr 10 19:41:59 +0000 2018,22,@CNN,2018-04-10 19:41:59+00:00,2018-04-10,0
422,22,-0.4767,0.24,0.76,0.0,Tue Apr 10 19:36:01 +0000 2018,23,@CNN,2018-04-10 19:36:01+00:00,2018-04-10,0
423,23,0.4215,0.0,0.882,0.118,Tue Apr 10 19:34:42 +0000 2018,24,@CNN,2018-04-10 19:34:42+00:00,2018-04-10,0
424,24,0.4019,0.0,0.847,0.153,Tue Apr 10 19:32:33 +0000 2018,25,@CNN,2018-04-10 19:32:33+00:00,2018-04-10,0
425,25,0.5574,0.0,0.805,0.195,Tue Apr 10 19:27:07 +0000 2018,26,@CNN,2018-04-10 19:27:07+00:00,2018-04-10,0
426,26,0.0762,0.0,0.933,0.067,Tue Apr 10 19:26:08 +0000 2018,27,@CNN,2018-04-10 19:26:08+00:00,2018-04-10,0
427,27,0.4019,0.097,0.739,0.163,Tue Apr 10 19:22:42 +0000 2018,28,@CNN,2018-04-10 19:22:42+00:00,2018-04-10,0
428,28,0.0,0.0,1.0,0.0,Tue Apr 10 19:22:06 +0000 2018,29,@CNN,2018-04-10 19:22:06+00:00,2018-04-10,0
429,29,0.0772,0.104,0.779,0.117,Tue Apr 10 19:21:59 +0000 2018,30,@CNN,2018-04-10 19:21:59+00:00,2018-04-10,0
430,30,0.4754,0.0,0.829,0.171,Tue Apr 10 19:17:52 +0000 2018,31,@CNN,2018-04-10 19:17:52+00:00,2018-04-10,0
431,31,0.0,0.0,1.0,0.0,Tue Apr 10 19:14:36 +0000 2018,32,@CNN,2018-04-10 19:14:36+00:00,2018-04-10,0
432,32,0.0,0.0,1.0,0.0,Tue Apr 10 19:12:05 +0000 2018,33,@CNN,2018-04-10 19:12:05+00:00,2018-04-10,0
433,33,0.0772,0.092,0.766,0.142,Tue Apr 10 19:05:23 +0000 2018,34,@CNN,2018-04-10 19:05:23+00:00,2018-04-10,0
434,34,-0.4215,0.128,0.872,0.0,Tue Apr 10 19:03:03 +0000 2018,35,@CNN,2018-04-10 19:03:03+00:00,2018-04-10,0
435,35,0.0,0.0,1.0,0.0,Tue Apr 10 19:02:39 +0000 2018,36,@CNN,2018-04-10 19:02:39+00:00,2018-04-10,0
436,36,0.0,0.0,1.0,0.0,Tue Apr 10 18:58:04 +0000 2018,37,@CNN,2018-04-10 18:58:04+00:00,2018-04-10,0
437,37,0.0,0.0,1.0,0.0,Tue Apr 10 18:57:43 +0000 2018,38,@CNN,2018-04-10 18:57:43+00:00,2018-04-10,0
438,38,0.3818,0.0,0.867,0.133,Tue Apr 10 18:56:04 +0000 2018,39,@CNN,2018-04-10 18:56:04+00:00,2018-04-10,0
439,39,0.0,0.0,1.0,0.0,Tue Apr 10 18:55:11 +0000 2018,40,@CNN,2018-04-10 18:55:11+00:00,2018-04-10,0
440,40,0.0,0.0,1.0,0.0,Tue Apr 10 18:53:30 +0000 2018,41,@CNN,2018-04-10 18:53:30+00:00,2018-04-10,0
441,41,0.4019,0.0,0.876,0.124,Tue Apr 10 18:46:07 +0000 2018,42,@CNN,2018-04-10 18:46:07+00:00,2018-04-10,0
442,42,0.0772,0.0,0.92,0.08,Tue Apr 10 18:40:58 +0000 2018,43,@CNN,2018-04-10 18:40:58+00:00,2018-04-10,0
443,43,0.0,0.0,1.0,0.0,Tue Apr 10 18:35:01 +0000 2018,44,@CNN,2018-04-10 18:35:01+00:00,2018-04-10,0
444,44,0.6249,0.0,0.814,0.186,Tue Apr 10 18:31:02 +0000 2018,45,@CNN,2018-04-10 18:31:02+00:00,2018-04-10,0
445,45,0.6204,0.0,0.612,0.388,Tue Apr 10 18:18:00 +0000 2018,46,@CNN,2018-04-10 18:18:00+00:00,2018-04-10,0
446,46,0.2023,0.099,0.756,0.145,Tue Apr 10 18:10:09 +0000 2018,47,@CNN,2018-04-10 18:10:09+00:00,2018-04-10,0
447,47,0.5574,0.0,0.841,0.159,Tue Apr 10 18:00:14 +0000 2018,48,@CNN,2018-04-10 18:00:14+00:00,2018-04-10,0
448,48,0.1779,0.0,0.855,0.145,Tue Apr 10 18:00:05 +0000 2018,49,@CNN,2018-04-10 18:00:05+00:00,2018-04-10,0
449,49,0.0,0.0,1.0,0.0,Tue Apr 10 17:52:59 +0000 2018,50,@CNN,2018-04-10 17:52:59+00:00,2018-04-10,0
450,50,-0.5574,0.217,0.783,0.0,Tue Apr 10 17:50:04 +0000 2018,51,@CNN,2018-04-10 17:50:04+00:00,2018-04-10,0
451,51,0.0,0.0,1.0,0.0,Tue Apr 10 17:48:52 +0000 2018,52,@CNN,2018-04-10 17:48:52+00:00,2018-04-10,0
452,52,0.0,0.0,1.0,0.0,Tue Apr 10 17:44:46 +0000 2018,53,@CNN,2018-04-10 17:44:46+00:00,2018-04-10,0
453,53,0.0,0.0,1.0,0.0,Tue Apr 10 17:40:10 +0000 2018,54,@CNN,2018-04-10 17:40:10+00:00,2018-04-10,0
454,54,0.4767,0.0,0.86,0.14,Tue Apr 10 17:30:09 +0000 2018,55,@CNN,2018-04-10 17:30:09+00:00,2018-04-10,0
455,55,-0.1027,0.08,0.92,0.0,Tue Apr 10 17:20:11 +0000 2018,56,@CNN,2018-04-10 17:20:11+00:00,2018-04-10,0
456,56,0.2263,0.052,0.861,0.086,Tue Apr 10 17:19:03 +0000 2018,57,@CNN,2018-04-10 17:19:03+00:00,2018-04-10,0
457,57,0.0,0.0,1.0,0.0,Tue Apr 10 17:10:12 +0000 2018,58,@CNN,2018-04-10 17:10:12+00:00,2018-04-10,0
458,58,0.0,0.0,1.0,0.0,Tue Apr 10 17:03:05 +0000 2018,59,@CNN,2018-04-10 17:03:05+00:00,2018-04-10,0
459,59,0.0,0.0,1.0,0.0,Tue Apr 10 16:54:46 +0000 2018,60,@CNN,2018-04-10 16:54:46+00:00,2018-04-10,0
460,60,0.8225,0.0,0.65,0.35,Tue Apr 10 16:42:55 +0000 2018,61,@CNN,2018-04-10 16:42:55+00:00,2018-04-10,0
461,61,-0.296,0.145,0.855,0.0,Tue Apr 10 16:30:09 +0000 2018,62,@CNN,2018-04-10 16:30:09+00:00,2018-04-10,0
462,62,0.34,0.0,0.893,0.107,Tue Apr 10 16:20:11 +0000 2018,63,@CNN,2018-04-10 16:20:11+00:00,2018-04-10,0
463,63,0.34,0.0,0.897,0.103,Tue Apr 10 16:10:31 +0000 2018,64,@CNN,2018-04-10 16:10:31+00:00,2018-04-10,0
464,64,-0.1531,0.176,0.682,0.142,Tue Apr 10 16:10:07 +0000 2018,65,@CNN,2018-04-10 16:10:07+00:00,2018-04-10,0
465,65,0.0258,0.0,0.95,0.05,Tue Apr 10 16:00:21 +0000 2018,66,@CNN,2018-04-10 16:00:21+00:00,2018-04-10,0
466,66,-0.8225,0.297,0.703,0.0,Tue Apr 10 15:50:10 +0000 2018,67,@CNN,2018-04-10 15:50:10+00:00,2018-04-10,0
467,67,0.0,0.0,1.0,0.0,Tue Apr 10 15:40:10 +0000 2018,68,@CNN,2018-04-10 15:40:10+00:00,2018-04-10,0
468,68,-0.4215,0.189,0.702,0.11,Tue Apr 10 15:30:07 +0000 2018,69,@CNN,2018-04-10 15:30:07+00:00,2018-04-10,0
469,69,-0.5574,0.141,0.859,0.0,Tue Apr 10 15:20:00 +0000 2018,70,@CNN,2018-04-10 15:20:00+00:00,2018-04-10,0
470,70,-0.3947,0.123,0.877,0.0,Tue Apr 10 15:10:08 +0000 2018,71,@CNN,2018-04-10 15:10:08+00:00,2018-04-10,0
471,71,-0.7184,0.318,0.682,0.0,Tue Apr 10 15:00:06 +0000 2018,72,@CNN,2018-04-10 15:00:06+00:00,2018-04-10,0
472,72,0.0,0.0,1.0,0.0,Tue Apr 10 14:53:07 +0000 2018,73,@CNN,2018-04-10 14:53:07+00:00,2018-04-10,0
473,73,0.128,0.117,0.736,0.147,Tue Apr 10 14:41:17 +0000 2018,74,@CNN,2018-04-10 14:41:17+00:00,2018-04-10,0
474,74,0.0,0.0,1.0,0.0,Tue Apr 10 14:33:41 +0000 2018,75,@CNN,2018-04-10 14:33:41+00:00,2018-04-10,0
475,75,-0.34,0.13,0.87,0.0,Tue Apr 10 14:20:04 +0000 2018,76,@CNN,2018-04-10 14:20:04+00:00,2018-04-10,0
476,76,0.0,0.0,1.0,0.0,Tue Apr 10 14:10:05 +0000 2018,77,@CNN,2018-04-10 14:10:05+00:00,2018-04-10,0
477,77,-0.25,0.143,0.857,0.0,Tue Apr 10 14:00:07 +0000 2018,78,@CNN,2018-04-10 14:00:07+00:00,2018-04-10,0
478,78,0.1027,0.0,0.928,0.072,Tue Apr 10 13:50:07 +0000 2018,79,@CNN,2018-04-10 13:50:07+00:00,2018-04-10,0
479,79,0.0,0.0,1.0,0.0,Tue Apr 10 13:33:02 +0000 2018,80,@CNN,2018-04-10 13:33:02+00:00,2018-04-10,0
480,80,0.0258,0.0,0.95,0.05,Tue Apr 10 13:30:11 +0000 2018,81,@CNN,2018-04-10 13:30:11+00:00,2018-04-10,0
481,81,0.0,0.0,1.0,0.0,Tue Apr 10 13:20:09 +0000 2018,82,@CNN,2018-04-10 13:20:09+00:00,2018-04-10,0
482,82,0.8225,0.0,0.65,0.35,Tue Apr 10 13:20:04 +0000 2018,83,@CNN,2018-04-10 13:20:04+00:00,2018-04-10,0
483,83,0.4404,0.0,0.791,0.209,Tue Apr 10 13:10:05 +0000 2018,84,@CNN,2018-04-10 13:10:05+00:00,2018-04-10,0
484,84,-0.4019,0.184,0.816,0.0,Tue Apr 10 13:00:09 +0000 2018,85,@CNN,2018-04-10 13:00:09+00:00,2018-04-10,0
485,85,0.4767,0.0,0.785,0.215,Tue Apr 10 12:50:06 +0000 2018,86,@CNN,2018-04-10 12:50:06+00:00,2018-04-10,0
486,86,0.4019,0.0,0.863,0.137,Tue Apr 10 12:44:49 +0000 2018,87,@CNN,2018-04-10 12:44:49+00:00,2018-04-10,0
487,87,0.0,0.0,1.0,0.0,Tue Apr 10 12:40:12 +0000 2018,88,@CNN,2018-04-10 12:40:12+00:00,2018-04-10,0
488,88,0.0,0.0,1.0,0.0,Tue Apr 10 12:30:14 +0000 2018,89,@CNN,2018-04-10 12:30:14+00:00,2018-04-10,0
489,89,0.4767,0.0,0.86,0.14,Tue Apr 10 12:26:08 +0000 2018,90,@CNN,2018-04-10 12:26:08+00:00,2018-04-10,0
490,90,-0.8225,0.297,0.703,0.0,Tue Apr 10 12:20:07 +0000 2018,91,@CNN,2018-04-10 12:20:07+00:00,2018-04-10,0
491,91,0.0,0.0,1.0,0.0,Tue Apr 10 12:10:05 +0000 2018,92,@CNN,2018-04-10 12:10:05+00:00,2018-04-10,0
492,92,0.4767,0.0,0.866,0.134,Tue Apr 10 12:01:37 +0000 2018,93,@CNN,2018-04-10 12:01:37+00:00,2018-04-10,0
493,93,0.4215,0.0,0.865,0.135,Tue Apr 10 12:00:00 +0000 2018,94,@CNN,2018-04-10 12:00:00+00:00,2018-04-10,0
494,94,-0.4215,0.189,0.702,0.11,Tue Apr 10 11:55:04 +0000 2018,95,@CNN,2018-04-10 11:55:04+00:00,2018-04-10,0
495,95,-0.5574,0.141,0.859,0.0,Tue Apr 10 11:50:00 +0000 2018,96,@CNN,2018-04-10 11:50:00+00:00,2018-04-10,0
496,96,-0.34,0.112,0.888,0.0,Tue Apr 10 11:40:07 +0000 2018,97,@CNN,2018-04-10 11:40:07+00:00,2018-04-10,0
497,97,-0.3947,0.123,0.877,0.0,Tue Apr 10 11:35:03 +0000 2018,98,@CNN,2018-04-10 11:35:03+00:00,2018-04-10,0
498,98,0.0,0.0,1.0,0.0,Tue Apr 10 11:30:03 +0000 2018,99,@CNN,2018-04-10 11:30:03+00:00,2018-04-10,0
499,99,-0.1531,0.071,0.929,0.0,Tue Apr 10 11:29:06 +0000 2018,100,@CNN,2018-04-10 11:29:06+00:00,2018-04-10,0
